nose_x,left_eye_x,right_eye_x,left_ear_x,right_ear_x,left_shoulder_x,right_shoulder_x,left_elbow_x,right_elbow_x,left_wrist_x,right_wrist_x,left_hip_x,right_hip_x,left_knee_x,right_knee_x,left_ankle_x,right_ankle_x,nose_y,left_eye_y,right_eye_y,left_ear_y,right_ear_y,left_shoulder_y,right_shoulder_y,left_elbow_y,right_elbow_y,left_wrist_y,right_wrist_y,left_hip_y,right_hip_y,left_knee_y,right_knee_y,left_ankle_y,right_ankle_y
,,,787.8696441650391,807.0716323852539,773.4023818969727,817.0671997070312,764.9850730895996,831.2714233398438,,827.0627593994141,778.6632080078125,807.5977172851562,771.8241424560547,821.5388946533203,767.8785247802734,836.7952728271484,,,,664.9500579833984,664.9500579833984,695.0074844360352,697.3804397583008,736.9296722412109,739.8299560546875,,747.2124786376953,767.7780914306641,765.9324645996094,795.1988983154297,795.7262268066406,846.3492431640625,854.7864379882812
